isbn,summary,rating
0002740230,here guide make life simpler easier enjoyable,7
0060801263,a poignant story childhood family relationships,8
0816614024,suggests open system psychological exploration cut accepted norms morality language politics,10
0151104506,a motley group misfits takes magical bailey cafea7 character describes motivations desires obsessions idiosyncracies,8
0451524063,four plays acclaimed author an enemy,10
0515093556,obsessed mystery surrounding belinda precocious sixteen- year-old lover jeremy walker middle-aged illustrator children books swept belinda world hollywood money lust dark family secrets,1
088029261X,contains sherlock holmes39 adventures includes novels 56 short stories,10
157586326X,what probability theory teach free this book contains informal lectures computer scientist donald e knuth exploring relationship vocation faith,6
1844262553,printed top left envelope number,9
0451121082,three ian fleming original james bond adventures classic eye-catching packages,5
0446520837,the author distills financial expertise ten principles attaining six-figure salary focusing setting progressive goals staying debt,8
155874262X,features inspirational stories offering words wisdom hope empowerment,10
0521815819,details relationship modernism victorian age examining works authors john ruskin dante gabriel rossetti augusta evans,10
0140372628,from surprising case the resident patient sinister the crooked man case challenging holmes,8
1904492355,can thwart policeman conflict death disaster allthe story elements class thriller suspense maintained nerve stretching level page,8
0140178139,when closest friend benjamin sachs accidentally blows wisconsin road peter aaron attempts piece events led ben tragic demise determine reason death,9
0679745203,three individuals -- nurse hana thief caravaggio kip -- brought abandoned italian villa world war ii nameless hideously burned english patient reprint,7
0767904621,now book play like man win like woman gail evans reveals secrets playbook success teaches women levels organization -- assistant vice president -- play game business,9
0345412214,the last don mesmerizing takes inside equally corrupt worlds mob movie industry casinos-where beautiful actresses ruthless hitmen ruled lust violence sleazy producers,6
0140259708,bennett drifter attracted life south france easy money,5
0316769487,quot the hero-narrator the catcher rye ancient child sixteen native new yorker named holden caufield,9
0816735662,all stories book based documented cases ufos reported real kids,5
0843136170,barbie determined save midge summer camp girls,10
0553493906,as elizabeth works maintain balance spending time boyfriend jeffrey comforting friend conner deny growing attraction conner,9
0842361715,when strange force evil form shapeless shadow begins taking small town ashton marshall hogan editor local paper unknowingly helped angels searches save family,9
0553583980,schoolteacher rumer larkin finds peaceful life rustic connecticut beach town hubbard point turned upside return zeb mayhew broken heart accompanied teenage,5
0553250531,after cast clan adopted child leader ayla shares lonely valley herd steppe ponies harnesses power discovers speech love jondalar member race,10
0684867621,from international bestseller stephen king classic story engages emotions primal level fairy grimmer grimm aglow girls indomitable spirit,7
0805063897,the sharp social critic author blood rites underneath illusion american prosperity poverty hopelessness america reprint 100000 printing,9
0553282220,the walker family involvement spying soviet union conviction espionage charges revealed facts discovery actions grand-scale damage nation security,7
0440240840,in 1815 london bow street runner henry morton investigation murder frenchwoman mistress count leads world french expatriates bonapartists fanatical royalists dangerous petty crook former,3
0679416714,the author if first offers entertaining insightful travelogue life america interstate highways detailing places encounters heads west texas new mexico arizona city,8
0452276381,a collection recipes diverse traditions african american culture offers hundred fifty dishes including cuisine africa caribbean american south,6
158005031X,children endured tofu communes nudism political protests growing hippie parents recall unusual childhoods unique collection alternative voices original tour,10
0553573926,enjoying satisfactory career life david elliot astounded boss shoot morning event triggers inexplicable series attempts life twenty-four hours,5
0312195516,told dinah voice reveals traditions turmoils ancient womanhood -- world red tent it begins story mothers -- leah rachel zilpah bilhah -- wives jacob,9
0786884061,based national magazine award-winning article masterful biography hungarian-born paul erdos vivid portrait eccentric genius layman guide century startling mathematical discoveries,10
0439139600,in harry potter goblet fire harry midway training wizard coming age,8
0515133701,adoptee successful entrepreneur addison fox unwittingly target killer extinguish entire family initiates search biological roots burnt-out investigator randall talbot save,8
014023313X,from birth rural manitoba journey father southern indiana years wife mother widow age daisy stone goodwill struggles find place life,9
0375700757,inman injured disillusioned confederate soldier embarks harrowing journey home sweetheart ada struggling run farm left father sudden death,10
0142000205,after years living children asylum spontaneous jerks spasms icy returns home quickly befriended miss emily cares teaches ways life transforming icy person,9
0671726889,a account computer espionage describes year-long single- handed hunt computer thief sold information american computer files soviet intelligence agents,8
0671746723,for dirk gently private detective simple search missing uncovers bewildered ghost secret time traveller devastating secret threatens future humanity,5
0061020710,the color magic terry pratchett maiden voyage now-legendary land discworld this begins -- tourist twoflower wizard guide rincewind,10
0385260954,adopted ford atampt cure disease senge calls quotlearning disabilitiesquot,5
0971880107,wild animus search primordial test human foundations journey breaking point,6
006092893X,monkey king tells story 28-year-old sally wang chinese- american woman mental breakdown sojourn hospital set firmly path memory,7
0892839759,a joyful heart normal result heart burning love mother teresa,9
0670811459,presents collections newspaper columns novelist mischievous alter ego samuel marchbanks extensive commentary davies39 voice,8
0821757520,as mexico us looms horizon rafe timmons forced forsake heritage works undercover american government,5
0345417623,using quantum time machine group young historians back year 1357 rescue trapped project leader,9
0553148001,a cro-magnon girl orphaned earthquake raised neanderthal clan,8
0812555031,the adventures exploits epona -- flees celtic tribe scythian warrior kazhak battles menacing shapechanger -- shape legends make goddess,9
0373711263,no ordinary child darlene graham released mar 25 2003 available purchase,8
1740594193,collects stories anecdotes perils pleasures travel noted travel writers isabel allende jan morris paul theroux,7
0671867172,five short tales including quotplumbing willyquot quotdeath capequot follow adventures former cleaning woman occasionally befuddled mate,6
0743406176,this beginning dilemma arthur young san francisco architect faced discovers lauren apartment,7
9812327975,written b insider book wonderfully funny disarmingly honest portrait singapore,8
0451207947,determined give childhood deserves chloe evans leaves rough past relocates oregon resort town finds chance life -- love -- outcast ben longtree gentle untamed,9
0671708635,in the 7 habits highly effective people author stephen r covey presents holistic integrated principle-centered approach solving personal professional problems,10
0399150897,leaving virginia hope finding peace quiet dr kay scarpetta journeys florida series baffling murders quickly entangles international conspiracy confronts unexpected,7
080411109X,reprint quottan has once more produced a novel wonderfully like a hologram turn find chinese-americans shopping arguing san francisco turn chinese changmian village 18,8
0345431928,a young sorcerer apprentice discovered master ability control shadows attempts break bonds servitude rescue charwoman spends days scrubbing master floors,8
0880707755,baby wise 100000 parents trained babies sleep night natural,4
1557041164,helping young learn control financial destiny advantage biggest asset -- time -- goal berg proven targeted beginning wealth-building years,6
0684870606,daily selections quotes ideas inspirational thoughts offer teenagers guidance improving self-image building friendships achieving goals making important decisions gaining self-confidence,8
0062502182,a fable undauntingly one dreams listening one heart reading life omens features dialogue boy unnamed 50000 printing 50000 adpromo,8
0140620125,a unresolved love foster sister,7
1400031699,growing small mississippi town family haunted murder brother harriet cleve dusfresnes lives world imagination age twelve decides find murderer exact revenge,8
1853264881,a violent brutal love betrayal separation reconciliation set familiar bronte landscape bleak houses moorland settings,6
0140293469,if book record calling instant classic because that is39 suzanne moore guardian 39leaves believing redemptive power music redemptive power love,8
0140620869,this lovely hardcover edition conjures marvelous visions carroll fantasy world,9
0553225413,depending choices make adventure house danger throw back time universe inside super-energizing chamber fantastic psychic powers grade-a human,5
0670030120,moshe sachar alfie halder escape chaos engulfing jerusalem israel-arab war finding secret subterranean jewish library discover scroll depicting story miryam marcus,5
006101351X,october 1991 it quotthe perfect stormquot -- tempest happen century -- nor39easter created rare combination factors possibly worse,10
0553377876,after stock market crashes thursday easter ambitious ineffectual young stockbroker faces mind-blowing destiny-altering weekend scheming escape blame coping mysterious stranger,9
055334949X,champion hitchhiker sissy hankshaw braless free makes confused paranoid america 1970s gathering knowledge experience friends suitors sorts unusual acquaintances,9
0671578855,spring vorbarr sultana sends inhabitants love proves unrequited,8
0440201926,separated childhood raised different adoptive homes hilary alexandra megan grow adulthood find -- effort handled prestigious private investigator john chapman when joh,6
0821728067,iris laura daughters jacob roth leave georgia launch drives respectively shaky film career wide- ranging real-estate empire laura dares,6
0006510973,french film producer jean casson paris sophisticate customary pleasures wine adultery civilized conversation suddenly halt france falls german forces,7
0786812206,eleven-year-old eddie chance win million dollars sinking foul shot national basketball association finals,9
0330328743,a describing irish boy lives abusive parents,9
0385501005,after years girlfriend mel benjamin duffy young stand-up comic temporary employee faces demons asks commitment issues ultimatum turn life upside,8
0140621164,attentive historical political dimensions american tales selection places popular -- the fall house usher39 the masque red death39 the murders rue morgue the,8
0553276107,set future angel osic helping woman run involved artificial intelligences bent world domination,10
006052510X,for choke chicken soup soul choice words dr phil will ferguson offers killer dose happiness -- masterpiece comic fiction,8
8420646318,a translation spanish maupassant autobiographical story young beset intense self-analysis psychotic problems,7
0140367160,no marketing blurb,8
0192629883,the text brought date changes page the text based clinical evidence taking account guidelines information uk centre clinical excellence appropriate new topics,8
0471191744,praise first edition quotalive vivid entertaining successful even inexperienced understand implement tqm bookquot-charles a aubrey vice president juran institute,8
0425093328,follows colonial colin campbell alias dr richard ames alias senator richard johnson orbiting luxury condos wild west zones moon worlds past future,5
0679732454,this definitive widely acclaimed translation major prose work century greatest poets -- quota masterpiece otherquot elizabeth hardwick -- rilke extraordinary structural uniqueness,10
1559210397,the classic story rising father reflects conflict china revolution sweeps nation,8
1857029070,tells story discovery 1938 coelacanth fish believed died dinosaurs discusses ensuing search additional specimens scientific study political battles countries,8
0875421180,provides overview earth-oriented religion featuring solitary rituals esbats sabbats exercises develop magical proficiency spells recipes,10
087542791X,presents introduction witchcraft information topics astral projection stocking magickal cabinet healing techniques telepathy reincarnation webweaving divination fortune telling spellcasting,9
0060936363,lacking memory years life brutal trauma aurora valle raised regal grandmother paulina eventually seeks confront mystery past set late-nineteenth,8
0553260111,a shooting victim suffering amnesia finds swiss bank account jason bourne professional assassin manipulated top-secret american government organization kill arch rival dreaded,6
0714507342,based earlier impressions africa uniquely eccentric principles composition interested reader find outlined rayner heppenstall raymond roussel book invites reader enter special,10
0816712085,a young seaman joins crew fanatical captain ahab pursuit white whale moby dick,10
0515110973,a magician daughter inherited father talents-and penchant jewel thievery then meets escape artist captures heart secrets shatter illusions,8
0330332775,bridget jones diary published 1996 applauded critics salman rushdie jilly cooper,9
1410742407,floodgates takes unique journey poetry exposes simple truths complex world medical science,10
1414015186,288 pages -- -quotamerica crosshairsquot bold timely warning america hours away destruction,10
0552147427,lazlo woodbine friend barry holy guardian sprout lives inside head uncover killed god,7
0440241073,ray brother forrest receive letter father reclusive retired judge instructing return home discuss estate judge arrive leaving secret ray,6
0805057498,far assassination murder name god powerful indictment society failure examine honestly bring worst enemies justice,9
039452764X,their dedication space experience defines complexities fascination writer quotfrom paperback edition,1
0553578308,a stint hosting cooking show pbs turns sour caterer goldy shulz taping session colorado exclusive skiing resorts plagued accidents death,8
0312956002,exposing private secrets ethel skakel kennedy intimate portrait reveals hostility felt sister-in-law jackie lengthy enemy list difficult decision made bobby bedside reprint,5
014043187X,this norton critical edition edition available includes 1890 lippincott 1891 book versions the picture dorian gray allowing students compare published versions editorial,9
0688003095,head prestigious european bank george harlequin belongs vanishing class gentlemen handshake bond,7
0452282829,the mulvaneys close lucky family drift years youngest judd discovers secret downfall sets reunite family,5
0330487612,picador a dazzling urban satire modern human relations,6
0553492349,as elizabeth wakefield jumps senior year headfirst finds hard concentrate stop conner mcdermott guy el carro high notices original,7
0553210866,in delightful series adventures nicholas hearty young hero takes journey nineteenth-century england accompanied swaggering scoundrels unforgettable eccentrics,8
0439101352,presents romantic country english family life satirizes human foibles early-nineteenth-century manners,8
0309087295,corsaro calls adults appreciate embrace savor children culture he asks cue hold precious understand quotwe39re friends rightquot,8
0749919817,develop hero qualities acquire fame fortune spiritually sound fashion,10
044651652X,this story robert kincaid photographer free spirit searching covered bridges madison county francesca johnson farm wife waiting fulfillment girlhood dream,10
0060977493,a debut dark foreboding family tragedy prestigious booker prize traces decline family southern india late sixties begins episode forbidden love reprint tour,8
1853261009,this collection forty anderson popular stories includes quotthe ugly ducklingquot quotthe red shoesquot quotthe little match girlquot,8
0373250118,see jane date melissa senate released oct 25 2001 available purchase,8
0525944796,while investigating highprofile case involving death leader notorious drugdealing gang california da nora ray begins political forces cover truth place 35000,6
0679736646,from trade paperback edition,7
038515951X,the conflicts love hate evil life art explored portrait alaric darconville twenty-nine-year- professor quinsy college -- woman college virginia -- falls love jilted,4
0140366814,when mysterious benefactor enables orphan boy pip rise victorian society pip educated gentleman snobbishly neglects childhood friends,5
0765300346,being person sees other-worldly creatures eddi mccandry plunges excitement terror pawn bitter age-old battle faerie courts modern minneapolis,7
0679722602,a routine investigation diamond robbery involves insurance detective bizarre case murder cult worship,5
039592720X,original 20000 printing winner 2000 pulitzer prize fiction stunning debut collection unerringly charts emotional journeys characters seeking love barriers nations generations,9
0330311859,a hunt tear safe safari plunging restless tides deadly civil wilbur smith bestselling adventure a time diefor sean courtney veteran guerrilla fighter professional warrior,7
0684847450,quoti born mentally family my sister officially crazy nutsquot so begins my sister black lagoon laurie fox incandescent growing absurd,2
014036689X,no marketing blurb,10
0140233903,life eyes ten-year-old irish boy patrick clarke poignant voyage bewildering ever-changing world family friends dreams growing winner booker prize reprint tour,8
0141302712,by turns shocking ironic humorous touching tales filled bizarre twists unexpected delights this collection proves roald dahl standing world finest storytellers,8
0812550706,between lie abilities remake world if world survives orson scott card ender game winner 1985 nebula award best novel 1986 hugo award best novel,7
0671000381,the astonishing no-holds-barred heart soul today high priestess rock n39 roll book reveals courtney love lead singer rock group hole late wife kurt cobain lead singer nirvana,6
0151008116,after sinking cargo ship solitary lifeboat remains bobbing wild blue pacific,8
1401300014,winner 2001 disney teacher year award ron clark presents fifty-five rules everyday life students rise potential,9
0671023012,felicia move objects mind ellie reads minds talia storytelling learn control strange powers ward evils fear street,6
0345361792,while playing baseball summer 1953 owen meany hits foul ball kills friend mother convinced instrument god,9
0425152251,discovering thought-provoking philosophical questions mailbox sophie enrolls correspondence course mysterious philosopher begins receive equally unusual letters reprint,8
044023722X,racial tension forbidden love affair murder eyes seven-year-old boy 1950s southern cotton-farming community,7
0375702709,a lesson before dying tells story choice form bond realization simply choosing resist expected act heroism,10
0684832291,four stories henry sandra britland husband-and-wife team sleuths former us president former congresswoman,5
0060927569,quotthere barbara kingsolver contemporary literaturequot raves washington post book world,9
0743426916,returning hometown bramwell years wandering mercenary darrick lang discovers dark horrifying force ensnared citizens seeks seize chilling dark fantasy based,6
0060929693,a beautiful thoughtful gift book shows window wisdom greatness,10
0684830493,the ernest hemingway published the old man sea proved enduring works american fiction,9
0451209710,forty-year-old librarian alison sheffield finds proper staid quiet life turned upside falls head heels love a original,5
080700457X,elaine scarry walter m cabot professor aesthetics general theory value harvard university author the body pain on beauty being just dreaming book resisting representation,7
1576737330,let deluxe durable leatherbound edition guide path extravagant blessing extraordinary effectiveness god,8
1576739759,explores images chapter 15 gospel john jesus symbolically portrays vine god vinedresser followers branches reveal secrets spiritual fulfillment,5
0071151214,each chapter includes learning objectives chapter outline matching true-false multiple choice essay questions answer keys including page references text,6
0373250207,fishbowl sarah mlynowski released sep 24 2002 available purchase,7
0385720920,medical school dropout victor mancini complicated ingenious scam pay mother elder cruises sex addiction groups action visits zany mother alzheimer disease hides bizarre truth,7
0515124761,as rages 12th century england france noblewoman murder sleep english knight resting troops french so begins romance roland gallienne hope chateauroux,9
0345433491,at mother deathbed anna determined learn mother joanna grandmother hanna diaries letters photographs,8
0440211263,two friends grew small irish village attend college dublin lives intertwined beautiful nan mahon jack foley handsome doctor,6
1400034779,working gaborone botswana precious ramotswe investigates local mysteries including search missing boy case clinic doctor different personalities different days week,8
0449909557,part-time cia agent emily pollifax accompanies young friend kadi hopkirk africa mission stop terrorists disrupting coronation sammat kadi childhood friend king ubangiba tour,9
0881840890,this negley farson story life athlete aviator reporter early decades century farson prove his aristocratic family lost fortune make,6
0140440410,a beautiful passionate russian woman escapes restrictions boredom marriage love affair charming soldier,9
0515127221,in set stormy sultry coastal region south carolina woman unfaithful husband resentful teenage daughter dark memories past embarks courageous search truth life,7
0345380371,in set arena volatile japanese-american relations business moguls compete control international electronics industry on forty-fifth floor nakamoto tower downtown la -- american,9
0374129983,enid lambert begins worry husband begins withdraw lose negativity depression faces parkinson disease,9
0385489102,based documents long missing kgb files fascinating account rasputin weilded unprecidented power czar russia attempts understand enigmatic charismatic figure,10
0553213105,and jane austen radiant wit sparkles characters dance delicate quadrille flirtation intrigue making book superb comedy manners regency england,7
0809236435,shows save long-term debt accelerating payment select amount mortgage principal,7
0375705929,an anthology short stories captures lives fortunes chinese americans make american society,6
1573229091,an american buddhist scholar recalls incredible journey impoverished segregated alabama mining town mist-shrouded mystical mountains nepal career professor religion weslyan university reprint,9
0140279091,washington personal mission save life captain miller quickly realize simple rescue operation,9
0020360754,here collected stories including works anthologized these stories reverberate rural tradition rites nature rituals small-town life,4
0194312828,a practical dictionary carry,6
0140018328,stylish macabre haunting tales leave delicious feeling unease,7
0345444884,twelve-year-old jack sawyer braves mysterious dangers territories surreal parallel world cross-country quest us talisman hope dying mother survival,7
0451202341,with mother jail killing abusive father nineteen-year- harley altmyer saddled raising younger sisters working jobs pay bills overactive libido rest reprint,8
0440414539,a newbery honor winner reprint h pw author patricia reilly giff newbery honor-winning lily crossing available time paperback,10
0375409297,examines technology significant figures cartography including accuracy ancient chinese maps contributions navigators ferdinand magellan james cook development current global positioning,8
0684807572,a questionnaire designed evaluate sort quotbrainstylequot person accompanied helpful advice self-knowledge enhance one self-esteem career love life 35000 printing tour,7
0806518154,suggests ways mentally fit mental exercises increasing focus concentration,8
0895293676,helps readers learn effective ways developing meaningful relationships intimacy ultimately love,8
0684823780,the classic work contemplates life religion humankind place scheme universe by author the joyful christian reprint 12500 printing,10
0449224228,then helps create unlicensed law practice angers notorious vietnamese gang this deeply affecting story set little saigon vietnamese community los angeles optioned feature film mgm quotexuberant,6
0199166617,here popular owls storybooks time stage 7 aid transition complex magpie storybooks robins jackdaws branches,7
1580050514,a funny touching collection essays motherhood -- allison crews beth lucht ayun halliday peri escarda katie granju writers -- explores great institution eyes gen-x mothers original,10
0486285170,this collection 104 carefully chosen poems reveals lyricism mystical vision consummate craftsmanship earned poet preeminent place critics general public,8
0515107867,when director pickax theatre club shakespeare production found dead qwilleran apple orchard qwilleran siamese sleuths discover player staged murder reprint pw,8
055329802X,kyp durron luke skywalker rebellious talented student steals design sun crusher heavily-armored spaceship capability destroying suns begins vendetta empire,5
0679455884,explores life contemporary small-town america focusing northampton massachusetts assess individuals community transform place home home town makes marvel afresh,7
0099771519,quotcaptivating minutely imagined refuses stay shutquot quotnewsweekquot quotmemoirs geishaquot released movie tie-in edition,10
0553575066,after saving texas rancher ambush andrew cameron penniless scottish earl finds employed cattle driver working scruffy young boy turns beautiful gabrielle parker young woman,8
0373289936,his secret duchess gayle wilson released oct 24 1997 available purchase,3
0375507817,the puppeteer brings sesame street big bird life shares words wisdom feathered alter ego -- counterpart oscar grouch -- explaining lessons transformed life,7
0553580221,while struggling agoraphobic friend cope martie rhodes young video game designer suddenly falls prey traumatic autophobia fear husband uncover roots problem,8
0062500821,using typology based goddesses greek mythology exploration aspects female personality examines psychological patterns character traits symptoms recognized changes place,7
0385314280,a study complex emotional lives animals insights anecdotes existence animal emotions offers analysis ways humans treat animals,8
0452260965,completely revised updated information digital age remains definitive guide world photography 300 illustrations,10
0789477645,offers photographs information mammals birds reptiles amphibians fishes invertebrates world,10
055327872X,winner penhemingway award a modern classic quothousekeepingquot story ruth younger sister lucille grow haphazardly competent grandmother comically bumbling great,6
0671529668,having fallen love brad jones blind student paulette fox refuses believe friends39 claims committed horrible crime fears feelings brad put terrible danger original,3
0673523896,quotattempts answer questions how subjects officials39 attention how alternatives choose generated how governmental agenda setquot - cover,5
0061014176,in backwoods georgia town investigative reporter john howell obsessed dark secrets local family vanished farm flooded quarter-century earlier reprint,7
0425164403,matthew hiller finds caught middle hippocratic oath past potential future beautiful terminally woman married,8
1557044031,this first-time publication 15 full scripts nbc emmy award-winning sitcom includes background information stars characters 30 color photos introduction christopher lloyd show executive producer,10
0471018732,written especially desktop graphics professionals professional photoshop shows image unacceptable,7
0156006197,an independent young woman faced difficult choice discovers pregnant sexual experience,8
0006511309,the describes complex violent life spy set russia 1934-45,7
0553379011,jared osborne laurentians priest investigates itinerant preacher unusual power penetrates circle anguished collaborator dismantling beliefs,8
0441790348,it story valentine michael smith mars taught humankind grokking water-sharing and love,10
0451456521,the author the mists avalon delves creation avalon best-selling story remarkable women roman britain fight restore magic traditions past reprint,5
0375724370,a forensic pathologist returns sri lanka -- 15 years abroad -- assist identifying victims country civil,5
0345350472,captures strange world twenty-first-century earth devastated planet sophisticated androids banned planet fight back potential destroyers bounty hunter rick deckard sets track,7
0812550587,a profusely illustrated collection twelve author short science fiction stories includes wry melodrama quotspace rats cccquot quotbill galactic hero happy holidayquot all-new adventure reprint,8
0843924039,dan lassiter involvement beautiful lawyer working malpractice case threatens compromise position general director boston commonwealth general hospital,6
0553561952,indy danish scientist ulla tornaes target fanatical nazi agents mysterious box containing slice icelandic stone mythological powers journal hinting existence underground civilization,6
0140185534,the portrayal stephen dedalus dublin childhood youth quest identity art gradual emancipation claims family religion ireland oblique self-portrait young james joyce,8
0671755064,chronicles months life tyler johnson ambitious conservative twenty year raised hippie commune by author generation x reprint,8
0425154092,dr kay scarpetta matches wits sadistic killer infiltrates fbi top-secret artificial intelligence system closes scarpetta,7
0553573527,reveals hidden world ant empire run basement paris apartment apartment owner vanishes family meanwhile pine stump nearby park vast civilization turmoil,9
1573927953,psychiatrist sex therapist edward l rowan md written unique book encourage closet,4
0070633495,picking the digital economy left groundbreaking book much-needed framework understanding digital revolution impact making today businesses,6
0684870819,provides fifty inspirational stories women teens early twenties celebrate joys challenges areas love jobs finding identity adult world,8
2277217689,irrsistible indescriptible lire mme vu film,8
0345339703,thus begins jrr tolkien classic the lord of the rings which continues in the two towers and the return of the king,10
0061093653,in twelve stories passion intrigue discovers commit perfect murder governor bermuda receives unexpected guest woman husband lover day,8
0380795116,a ride on wild side the place catherine macpherson expected find sitting greyhound bus handcuffed surly bounty hunter suitcase twin sister flashy shrink-wrap clothing wear,5
0385326335,eleven-year-old margo fulfills class assignment writing letter eleanor roosevelt save family home great depression,9
0451168690,a near-fatal traffic accident resulting obsession death drive ten-year-old tom pasmore join neighbor famous retired detective lamont heilitz investigating different murders reissue,6
0446608602,to robbie feaver law making play-to client jury judge,8
1555714595,urges especially small businesses organizations bypass glitz pure marketing focus building solid public relations process,6
0393027503,the author recounts experiences lucrative wall street bond market 1980s young traders made millions short time humorous account greed epic folly,5
0385477058,an exploration theory hyperspace professor theoretical physics discusses superstring theory concept jigsaw-puzzle universe,8
0898861098,the author describes experiences husband traveled bicycles 23000 miles twenty-five countries,10
039914739X,angered governor order speed traps eccentric inhabitants isle tangier coast virginia declare state judy hammer superintendent state police stop,4
0929239997,presents daily devotional readings christians based lectures talks early twentieth-century bible teacher oswald chambers scripture reference,8
0883680459,in practical guide parenting murray shows essential qualities parent loves lord,7
0312284071,a gritty loss redemption chronicles years teenage runaway tina spent living bowels grand central station honestly discussing addiction arrests difficult decision climb back,6
1853260339,a collection sherlock holmes mystery adventures,7
1569470553,presents latest diaries young master mole private musings represent reflections misunderstood muddled soul,10
1569472475,the latest addition adrian mole saga diaries focus life age thirty breakup nigerian wife reprint 12500 printing,10
0385503822,for time a time kill author returns ford county mississippi place rich colorful characters dark family secrets latest legal thriller,7
0679810307,shabanu young nomad cholistan desert submit marriage father arranges centuries tradition defying,5
0802135358,stephen titus george finds campus cornell university site talking cats dogs fairies cavorting emerald-green dragon too-shallow grave rasferret grub,10
0446677949,this hugo nebula award-winning reissued trade paperback edition,9
0380820838,beloved sinner the gossips call quotsaintquot -- marquis st aubyn earned reputation london perfect scoundrel,9
0380755548,joss san pietro raised gentleman cruelly betrayed,9
0380776162,they call names angelic isn39t,9
0553375407,so begins ishmael utterly unique captivating earned large passionate readers critics alike-one beloved bestselling novels spiritual adventure published,10
0751513962,close her eyes when charity pritchard missing inspector thanet concern deepens strictly relgious family leave matter god hands,8
0441693237,through quantum leap accelerator dr sam beckett transported middle men encounter group finds project partner future al acting jeopardize future quantum leap,7
0451195612,the brother academy award-winning actress director offers firsthand account rise stardom stormy childhood mother management acting career much- wondered-about sexuality reprint,8
0972848703,halcyon daze offbeat original comedy detailing journey group late twenty-somethings living san francisco find make world surrounds themit begins kalani smith,10
0441172695,the sisterhood bene gesserit plots seize control galaxy-wide empire supernatural leader,8
0440224675,reissue the movie event of the year the most talked about novel of the decade you remember hannibal lecter gentleman genius cannibal,9
0450411435,quotthey teenagers stumbled horror,7
0399144463,relates highly meaningful parable intended deal change quickly prevail offering readers simple progress work lives,10
0425168123,the campus casanova dead,5
0439064864,in harry potter chamber secrets summer harrys year hogwarts worst summer dursleys distant horrible,10
0439136350,during year hogwarts school witchcraft wizardry harry potter confront devious dangerous wizard responsable parents death,7
0439139597,the fourth title continuing saga includes harry latest adventure hogwarts school witchcraft wizardry,10
0590353403,rescued outrageous neglect aunt uncle young boy great destiny proves worth attending hogwarts school witchcraft wizardry,10
0553568914,when ex-girlfriend vanishes documentary-in-progress disappears screenwriter working overdoses kinky friedman takes case,6
1891620797,written 26-year-old quotwe39ve got issuesquot no- nonsense discussion political issues 2000 campaign matter 20- 30-somethings government spending welfare public education neighborhood safety,10
0553582755,when micky bellsong encounters disabled leilani klonk stepfather preston maddoc finally finds purpose troubled life family disappears micky embarks arduous mission find,6
0413537900,play version hit adults teenagers alike,8
0446608955,the inspiration nicholas sparks sister life courage from internationally bestselling author nicholas sparks moving story,7
0743418352,when desperate father kidnaps michael force healing powers save man dying daughter max tess liz isabel valenti set rescue michael nosy reporter destroy,8
0449300234,a bright young nigerian civil servant promising future threatened acceptance bribes,6
0553213164,anne shirley left redmond college begin job chapter life away green gables now faces challenge pringles they,6
0449221113,an actor plays superstar detective films asked south africa investigate questionable training race horses,6
0375406530,an ambitious dedicated chinese doctor lin kong finds torn different women -- educated dynamic nurse fallen love traditional meek humble woman family married,3
0312306326,so bring plastic reindeer strap jingle bells ready celebrate holidays-jersey style visions sugar plums- world plum merrier,8
059035342X,rescued outrageous neglect aunt uncle young boy great destiny proves worth attending hogwarts school witchcraft wizardry,9
043935806X,collects complete series relates adventures young harry potter attends hogwarts school witchcraft wizardry kind learn craft,10
0312924801,from author classic multimillion-copy bestseller the shell seeker book fall love a selection literary guild doubleday book club,7
0552998931,rich clever mischievous triumphant read,9
0395681863,during fourteenth year year 1290 catherine diary details family activities conflicts life medieval english manor coming maturity,4
0380792486,but slaying complex uncommon senior thread bloody tapestry-as death death horrific succession leading dedicated officer law risk seeks answers lethal,8
0553575465,chosen oversee expansion high-profile health-care company new york banker maggie sepulveda pawn deadly plan engineered billionaire investor prey young,10
0812577868,a gripping thriller murder betrayal nasa,7
0440209803,quotget shorty major motion picture directed barry sonnenfeld starring john travolta gene hackman renu russo danny devito,6
0451526082,presents classic nineteenth-century work focusing consequences adultery unacknowledged guilt puritan new england an ardent young woman cowardly lover aging vengeful husband-these central,5
0446600342,when determined doctor meets rebellious heir texas oil dynasty sparks fly flames passion blazing destroy empire,7
0446608076,in natchez mississippi arabella montgomery allies tony daggett broke heart demands mistress reclaim family plantation brother gambled away,7
0140621180,this triumphant work imagination shows limitless possibilities science dark depths human mind,7
0345446593,twenty years dark secrets ended idyllic childhood siblings mattie sophie reunited empty room house play chilling game designed force surface memories childhood,5
0192750917,eleven-year-old phelim companions maiden fool strange black horse journey stoor worm lair destroy long-forgotten worm hatchlings roused slumber sounds,5
0764548077,this book explains piece technology depth shows clear examples feature,8
0596001088,argues development linux thousands programmers coordinated effort centralized management signals unprecedented power shifts computer industry,9
0380797259,six years manned martian expedition announced -- motivated purely profitable potential -- half-navajo half-anglo geologist jamie waterman conflicted soul beckoning back,8
0786881852,in 100 chapters -- pages long -- dr carlson shares ideas living calmer richer life this book new york times bestseller list 38 weeks no 3 usa today best-selling books list,7
0375701915,people improve word power -- book show expand improve vocabulary quickly easily,8
0380817705,there dark king rules dreams place shadows fantastic things he morpheus lord story,8
081120457X,poems presented spanish english record chilean author love wife,8
0451204727,on brink 1944 allied invasion europe winston churchill learns nazi development horrifying weapon pacifist american doctor fanatical jewish assassin undertake deadly mission reprint,9
0060392452,so you39re feeling you39re wondering what give economy dick cheney pacemaker vw beetle here book,5
0743450175,a poignant gripping exploration love loss nature memory the memory stones moving study intricacies motherdaughter relationships observed razor-sharp precision great tenderness,7
1853261122,a huge cyclone transports dorothy toto land oz makes enemy friends travels emerald city wizard oz back home,4
0345353145,four american scientists summoned great secrecy south pacific investigate giant spacecraft hundred years,9
0140274154,fictionalized narrative travels kerouac friend neal cassady pseudonyms sal paradise dean moriarty,10
0140293248,in critically acclaimed collection stories heroine jane rosenal embarks perilous hilariouis personal journey realm dating love work relationships reprint reprint,4
1873982100,finally available united states quotthe limits visionquot robert irwin irrepressibly entertaining imaginative young housewife named marcia wages dirt,9
0312266596,a mysterious inca idol focus international treasure hunt young linguist caught conspiracy hired translate centuries-old manuscript holds key idol location,8
0312291450,chronicles life actor bruce campbell childhood detroit time spent making film evil dead days hollywood,6
0425146707,in 1939 gavin kane hired find disappeared searching legendary temple sheba kane finds ruin nazi stronghold -- hitler base operation destroying suez canal original,7
0140042520,during 1950s search buddhist truths takes young bohemians series bizarre experiences california,10
0674953835,essays discuss isolation poet tension classicism realism impact reductionism state poetry europe 39milosz times direct simple,8
0140373195,in story set ww2 twins astra hugo forced flee latvia family journey germany carts foot boat attacked planes submarines,8
0782126472,a study guide revised exam covers cisco ios commands rip igrp routing protocols configuring frame relay lmis wan configurations lan segmentation tcpip spanning-tree protocol,8
0156007479,drawn prostitution mid-1700s london early age dreams affluent lifestyle mary saunders takes refuge seamstress middle-class household mrs,8
0786866586,working salesgirl beverly hills neiman marcus mirabelle beautiful aspiring artist embarks love affair ray porter wealthy lonely businessman meets store struggle understand,6
1882723007,relates near-death experience betty eadie recounts events,10
0609809830,the author describes travels locales cuba lebanon costa rica romances,9
0452284430,to save marriage maya agrees tolerate husband ilan chronic infidelity long participate stray embarking series disturbing arousing threesomes writing takes,9
0440224837,abuse suffered hands wealthy parents haunts life courageous writer embarks redemptive pilgrimage brings sought destroy reprint,7
0802130208,an obese new orleans misanthrope constantly rebukes society ignatius reilly job mother urging ends leading workers39 revolt twentieth anniversary edition pulitzer prize-winning reprint,9
0425155722,con artists kidd luellen utilize state-of-the-art high-tech corporate warfare organize technological takedown defense industry corporation string successes cut short ultimate artist conned,6
0812510992,the girl who heard dragons fresh revelation wealth range talentsquot -- jack williamson quotfrom time ms mccaffrey restoree fell hands i avid reader collector published,6
0380711079,six years husband killed accused murdering indian girl diana ladd relys native american wise woman local police detective protect late husband partner brilliant,6
0804113882,john nickel african american blues musician managing memphis bar hires white brother sister trouble pines reunited ampquo,6
1882770188,this best-selling book blamed current green iguana problem green iguanas captivity surviving adult size,6
0380796147,dry water wondrous reshapes time realities -- awesome imagination eric s nylund great contemporary american fantasist,6
1558537538,the postscripts mother letters children provide advice perserverance success human relations,9
0586057242,science fiction-noveller,6
0743208048,this extremely funny account staggeringly unsuccessful political life,8
075969222X,the bilkoesque author superimposes position attitude life framework literary offering if you39re sheer reading enjoyment it light read won39t long,10
0345443284,having moved life friend brutally murdered jo becker married grown family housemate moves neighborhood jo rekindles relationship takes back past,7
0060931388,from childhood survivor brutal pol pot regime unforgettable narrative tragedy spiritual triumph 8-page photo insert,8
0380789019,he fallen cracks reality landed different neverwhere,9
9507399097,las imagenes poeticas eroticas sensuales lorca describen pasion amantes prefieren morir vivir separadosporque lorca amor carnal amor necesario consumar disfrutar,10
0385337639,kate morrison orphaned age grows brilliant older brother matt failure education tragedy feeling guilty accomplishments years,6
0140274162,this book designed assist undergraduate engineering students enrolled non-computer related departments fundamental education cae,7
0002251485,snoopy gang learn hard lessons love rejection excerpts quotpeanutsquot comic strip,7
0914839152,gives introduction city las vegas describing machinations casino -- dealer boss games comps credits final payoff -- money,6
0440223571,presents anthology christmas stories reflecting ways holidays serve catalyst promote change growth beginnings,7
0140297049,as the economy crumbles around him his electricity is cut off and the jet set parties behind high walls daru takes the bright steps of falling for his best friend s wife and giving heroin a try this is the story of his decline,7
074727293X,aisling o39halloran happy futon flat job party caterer,6
1878424424,in tradition carlos castaneda author distills essential toltec wisdom human relationships techniques integrating awareness daily life,7
0517149257,6 science fiction-romaner,10
0340766875,39butterfly sting39 tells story sisters different - spiky difficult peacemaker easy love one spain holiday brings back spanish boyfriend - falls,8
0963487167,a collection interviews friends co-workers relatives hockey coach herb brooks reflect life career accomplishments,10
0967673747,a story life veil saudi arabia young princess,9
0451180550,while shooting film southern france alice nestleton finds big break threatened deaths movie producer discovers abyssinian cats hold key murders original,8
0425162605,with people republic china allies launching territorial campaigns conflicts breaking asian continent aerial strike warfare expert patrick mclanahan untried unmanned,1
0446518581,border music story jack linda long hot days high desert ranch nights wild loving beneath west texas skies times relationship tears,8
0679833722,twelve-year-old gary goon constant clowning joke-telling change image make friends school,5
0553278517,derek chapman hitches ride realizes unwittingly assisted dreaded anticipated -- kidnapping,10
068484267X,the author recounts childhood depression-era brooklyn child irish immigrants decide return worse poverty ireland infant sister,9
0061003727,normally outbreak petty thefts youth hostel wouldn39t interest great detective hercule poirot,5
1573229326,katie liberal urban mother doctor north london finds life turned upside husband david undergoes outrageous spiritual transformation hilarious marriage parenthood religion,6
0446350397,on new york times bestseller list 11 weeks explosive author glitz spotlights untamed group sixties rejects intent bombing detroit,5
0385333501,tender stories love incisive essays human greed misery imaginative tales futuristic happenings reveal vonnegut versatility vision,10
0836220870,1987 farworks inc all rights reserved the far side larson signature registered trademarks farworks inc,10
0689845332,complex innovative deeply quintessential fantasy sequence compared work jrr tolkien cs lewis helped make le guin distinguished fantasy science fiction writers,10
0312048580,former seal convicted smuggler lyle quottillerquot galloway recalled recreational diving business boss juan quotthe baptistquot nunez salvage cocaine-filled freighter bahamas,7
0812563115,this edition great expectations includes foreword biographical note afterword eileen charbonneau pip poor boy high hopes -- great expectations,6
0735605289,leveraging resources mcs book unique real-world insights managing maintaining exchange 55 enterprise,7
0345421825,frozen science cryonics 1988 benjamin smith rest family returns life eighty-three years world changed availability eternal youth cloning reprint pw,8
0451183665,a case need michael crichton award-winning debut written shortly completed medical internship,8
0446603775,lilith lyapo awoke centuries-long sleep find aboard vast spaceship oankali,7
0590129988,long ago germany storyteller story apprentice clockwork-maker nightmare meet menacing lifelike figure created strange dr kalmenius,8
0312965788,a country veterinary surgeon yorkshire describes joys trials profession recalls early career experiences unique clientele,9
051510566X,jim qwilleran feline companions koko yum yum investigate murder dianne bessinger founder organization save apartment house casablanca real-estate developers plan tear,8
0440235294,an a-to-z listing common ailments teas treat offers relief aching joints lagging energy descriptions hundred herbs healing properties,10
0875420036,amber k high priestess wiccan religion amp experienced practitioner magick explains history amp lore magick major varieties world today amp practice magick book,8
0385312725,the ancient traditions contemporary experiences native americans reflected collection stories includes contributions established authors writers,8
0300039999,examines theories plato rousseau mary wollstonecraft catherine beecher charlotte perkins gilman concerning education women,7
1853268100,william shakespeare 1564-1616 acknowledged greatest dramatist time,3
1580911013,cassandra eason explains magic change one life attracting love improving family relationships encouraging health prosperity,8
0345448820,the author draws observations cats illuminate ways cats reveal emotions examines evolution solitary jungle predator human companion,10
0446613843,you begin thrilling james patterson,10
0070212570,mrs threadgoode high-spirited women 1930s idgie ruth helps evelyn 1980s woman sad slump middle age begin rejuvenate life,10
0767906039,journeys scenes silicon valley profile colorful inhabitants high-tech universe including david filo co-founder yahoo the first 20 million is always hardest feature,8
0671002481,three faithful middle-age wives abandoned quottrophy wivesquot -- younger blonder sexier models -- successful husbands decide seek public revenge new york society,5
0345378482,here classic terrifying biophysics what virus lethal kill quickly breath what spared instant deathbut drove hopelessly insane instead,4
0413769909,a white prevent lynching branded nigger lover - worse finds sheltering dead man,6
0679721746,tells rise fall british band members39 lives loves tensions led breakup,8
0140177388,vividly depicts colorful disreputable inhabitants run-down area monterey california,10
1565928466,cd-rom contains lxp 080 -- postgressql 713,8
0385512104,despite overwhelming fear interacting christopher mathematically-gifted autistic fifteen-year-old boy decides investigate murder neighbor uncovers secret information mother,9
0385316348,twenty years graduation former college friends -- mary stuart tanya zoe -- leave different worlds reunited vast ranch wyoming tetons struggle terms lives,5
0140041796,storties included the visor the great switcheroo the last act bitch,7
2253010219,l39une clbres enqutes d39hercule poirot 1933 sdm,9
0140142231,haroun determined return storyteller gift father so flies back hoopie bird sea stories - adventure begins,8
0380978547,romantic fiction johanna for years remarkable johanna lindsey created love stories rank satisfying written,5
1853262544,this book long celebrated shakespeare popular comedies it describes central relationship benedick beatrice combative love prevails,5
0671540025,receiving surprising cry klingon empire captain kirk learns alien civilization owned section space belonging klingons romulans federation back reclaim original,8
0786868716,with timeless appealing book readers fine fiction loved tuesdays morrie treasure,8
0340768843,when marcus corvinus hears father-in-law priscus accused murder doesn39t marcus long priscus hookbut finding real culprit proves tricky,5
0553580906,when rumors turmoil crozet hospital mysterious death hospital plant manager postmistress quotharryquot haristeen mrs murphy dangerous investigation,5
0764100769,looks natural history characteristics tarantulas explains catch,10
0764114638,explains anatomy tarantula cage types food diet molting health includes spiders scorpions,8
2070364283,les lvres chair crisprent puis dtendirent kino souleva repli perle tait grosse perle parfaite comme lune elle accrochait lumire purifiait renvoyait incandescence argente,7
0385720106,while alice goodwin neighbor child drowns goodwins39 pond devastating accident profound repercussions entire goodwin family story set small midwestern farm town,6
0671578456,sailing atlantic richard ashton witnesses fleet ufos descend battle navy carrier group leaving seemingly human attractive alien implacable foe,7
0312864256,in continuing wheel time saga rand min run black tower leader mazrim taim exposed seanchan princess arrives ebou dar schemers white tower beset rebels,9
0385404883,in memoir mia farrow takes journey life,7
0061054682,half brothers lysaer prince light arithon master shadow engage violent conflict wake vastmark warhost destruction strategies koriani enchantresses,8
0192813617,presents distinguished british historian travel classic captures spirit excitement middle east,8
0071362932,this book d39alessandro insightful great fun to-the-pointquot -- lesa ukman president ieg inc quotdavid d39alessandro bedescribed leader visionary decision-maker,7
0684852713,full behind-the-scenes drama surprising revelations dead reckoning fascinating forensic science changing convict guilty free innocent,7
0345447980,presents satiric view modern society portrait planet humans apes exchanged roles,7
3257201834,new york 1922,9
0312305060,by stories intertwine remarkable ways finally act subtle haunting grace the hours winner 1999 pulitzer prize fiction,9
0152003746,now john haunted memories enlisting fight world war ii decision forced horrors changed life forever,10
0060283971,sometimes funny startling stories evoke dilemmas faith familiar,8
0413741303,when the life brian released 1979 hailed monty python finest parody denounced blasphemous film time,8
0195920740,macao 2000 social economic snapshot macao colony returns control china the book up-to- date study territory modern dynamic society economy,9
0345335465,at time number dragonriders fallen low safety weyr trains creatures riders red star approaches pern threatening planet disaster,5
1568302894,this high-quality full-color guide places emphasis typography clean graphics site architecture information design,7
0596005466,a complete guide sambathe fileprint server ties systems different types serving files nonmicrosoft systems microsoft smb protocolincludes basic configuration security logging troubleshooting,7
0061073113,in exclusive book jody duncan takes camera location hearts minds incomparable creator cast crew dedication hard work resulted multimillion dollar motion picture --,5
0387948791,hailed previous editions user-friendliness edition linux universe contains newest linux kernel 2025 fully configured cd-roms easy installation,7
0671880187,two stories quotkitchenquot quotmoonlight shadowquot told eyes pair contemporary young japanese women deal themes mothers love transsexuality kitchens tragedy reprint nyt,5
0802134475,the debut astonishing literary talent rain proves author kirsty gunn master craft written luminous prose embroidered sensuous imagery rain unforgettable,8
0887309968,from breaking barriers prevent product adoption avoiding quotdeath magnetsquot stupid mistakes makes strategies revolutionaries work like slave,9
0451407741,when scottish king falls suddenly william scott enlists aid beautiful gypsy tamsin armstrong finds torn loyalty country love tamsin seek stop plot kidnap infant,8
0451175190,assistant district attorney butch karp tough-as-nails lover colleague marlene ciampi maverick cops track serial rapist ruthless killer streets new york city reissue,10
0007122039,proceeds previous collection created thirty safe playgrounds landmined kosovo schools rwanda buy book children lives transformed,5
0312957785,unable prevent murder egyptian ambassador sought roman murder-solving specialist gordianus begins dangerous case city highest circles powers hidden areas debauchery reprint,7
0060094109,in military circles it air battle force -- air combat unit future command aerial warfare expert major general patrick mclanahan capable launching stealthy precision-guided firepower,6
0140257314,this inspiring personal account thrilling adventure story world computer screen,6
0879304944,lists rates reviews 11000 recordings profiles 1800 musicians,10
1857989988,non-stop classic sf discovery exploration brilliant evocation familiar setting eyes primitive,7
0515115649,when cabin cruiser mysteriously explodes marina breakfast island newspaper reporter jim qwilleran feline companions investigate shady happenings hot vacation spot,6
052165615X,things frank wormold hollywood producer offers buy stories computer finish story starts unsuccessful writer troubles beginning,3
0521795028,modern original fiction learners english,6
0446310786,the unforgettable childhood sleepy southern town crisis conscience rocked to kill a mockingbird instant bestseller critical success published 1960,10
0886776783,the throne prince darville threatened rogue magicians advantage dragon protectors depart prince realizes bride threatened dark magic threatens kingdom,7
0140182551,victorian set pottery district staffordshire france siege paris,8
